<?xml version="1.0" encoding="UTF-8"?>
<!--
  Licensed to the Apache Software Foundation (ASF) under one
  or more contributor license agreements. See the NOTICE file
  distributed with this work for additional information
  regarding copyright ownership. The ASF licenses this file
  to you under the Apache License, Version 2.0 (the
  "License"); you may not use this file except in compliance
  with the License. You may obtain a copy of the License at

  http://www.apache.org/licenses/LICENSE-2.0

  Unless required by applicable law or agreed to in writing,
  software distributed under the License is distributed on an
  "AS IS" BASIS, WITHOUT WARRANTIES OR CONDITIONS OF ANY
  KIND, either express or implied. See the License for the
  specific language governing permissions and limitations
  under the License.
-->
<beans:beans xmlns="http://www.springframework.org/schema/security" xmlns:beans="http://www.springframework.org/schema/beans" xmlns:xsi="http://www.w3.org/2001/XMLSchema-instance" xmlns:context="http://www.springframework.org/schema/context"
    xsi:schemaLocation="http://www.springframework.org/schema/beans http://www.springframework.org/schema/beans/spring-beans.xsd
        http://www.springframework.org/schema/security http://www.springframework.org/schema/security/spring-security-4.1.xsd
        http://www.springframework.org/schema/context http://www.springframework.org/schema/context/spring-context.xsd">
    <beans:bean id="authenticationSuccHandler" class="demo.oauth.server.spring.AuthenticationSuccessfullHandler">
        <beans:property name="defaultTargetUrl" value="/app/newClientForm.jsp"/>
        <beans:property name="confirmationUrl" value="/auth/oauth/authorize/decision"/>
    </beans:bean>
    <beans:bean id="authenticationFailHandler" class="demo.oauth.server.spring.AuthenticationFailureHandler">
        <beans:property name="authorizeUrl" value="/auth/oauth/authorize"/>
    </beans:bean>
    <global-method-security secured-annotations="enabled" jsr250-annotations="enabled"/>
    <beans:bean id="entryPoint" class="demo.oauth.server.CustomAuth">
        <beans:constructor-arg value="/index.jsp"/>
    </beans:bean>

    <http pattern="/oAuthLogin.jsp" security="none" />
    <http pattern="/index.jsp" security="none" />
    <http pattern="/" security="none" />
    <http pattern="/favicon.ico" security="none" />
    <http pattern="/auth/oauth/**" security="none" />
    <http pattern="/auth/resources/**" security="none" />

    <http auto-config="false" entry-point-ref="entryPoint">
        <intercept-url pattern="/oAuthLogin.jsp" />
        <intercept-url pattern="/index.jsp"/>
        <intercept-url pattern="/"/>
        <intercept-url pattern="/favicon.ico"/>
        <intercept-url pattern="/auth/oauth/**"/>
        <intercept-url pattern="/auth/resources/**"/>
        <intercept-url pattern="/**" access="ROLE_USER"/>
        <form-login authentication-success-handler-ref="authenticationSuccHandler" authentication-failure-handler-ref="authenticationFailHandler" login-page="/index.jsp" authentication-failure-url="/auth/oauth/authorize" default-target-url="/app/newClientForm.jsp"/>
        <logout invalidate-session="true" logout-url="/logout.htm" logout-success-url="/login.jsp?loggedout=true"/>
    </http>
    <authentication-manager>
        <authentication-provider>
            <user-service>
                <user name="user1" password="1111" authorities="ROLE_USER"/>
                <user name="user2" password="2222" authorities="ROLE_USER"/>
            </user-service>
        </authentication-provider>
    </authentication-manager>
</beans:beans>
